{"version":2,"languages":{"nodejs-npm":{"specfileHash":"cd41b2eb356594c6eab52ba942f4e661","lockfileHash":"4664cabc1c02b8ac5ef4517f25e2ead1","guessedImports":["react","react-dom","@vitejs/plugin-react-refresh"],"guessedImportsHash":"520f352c9775f48a5b6725db9337a31e"},"nodejs-yarn":{"specfileHash":"36fe129750f9b571f62775768dfd2747","lockfileHash":"8cd20b0f91e5e007eadff22a3178e342","guessedImports":["@vitejs/plugin-react-refresh","react","react-dom"],"guessedImportsHash":"24f6f3418ae857900ebf7b7e00dc4a7b"}}}
